embryo_id,n_samples,mean_edge_jaccard_matched,median_edge_jaccard_matched,min_edge_jaccard_matched,mean_node_recall_sparse_gt,mean_pred_nodes,mean_pred_edges
44b6,71,0.9464129711793032,0.9557522123893806,0.7449664429530202,0.9914947962609513,25985.985915492958,25009.845070422536
6bba,128,0.948438570570404,0.9613894090497133,0.8013245033112583,0.9883548184061258,17031.1171875,16397.3203125
