embryo_id,n_samples,mean_edge_jaccard_matched,median_edge_jaccard_matched,min_edge_jaccard_matched,mean_node_recall_sparse_gt,mean_pred_nodes,mean_pred_edges
44b6,15,0.9176901926455303,0.9920424403183024,0.7449664429530202,0.9798425623969717,18723.066666666666,17914.0
6bba,21,0.8837879202400235,0.8662207357859532,0.8013245033112583,0.9770134095869571,27826.761904761905,26594.095238095237
